-- Adminer 4.1.0 MySQL dump

SET NAMES utf8;
SET time_zone = '+00:00';
SET foreign_key_checks = 0;
SET sql_mode = 'NO_AUTO_VALUE_ON_ZERO';

DROP TABLE IF EXISTS `ads`;
CREATE TABLE `ads` (
  `id` int(11) NOT NULL AUTO_INCREMENT,
  `date` datetime NOT NULL,
  `title` varchar(30) NOT NULL,
  `price` int(11) NOT NULL,
  `seller_name` varchar(25) NOT NULL,
  `type` tinyint(1) NOT NULL,
  `email` varchar(20) NOT NULL,
  `allow_mails` tinyint(1) NOT NULL,
  `phone` varchar(12) NOT NULL,
  `location_id` int(11) NOT NULL,
  `category_id` int(11) NOT NULL,
  `description` varchar(255) NOT NULL,
  PRIMARY KEY (`id`)
) ENGINE=MyISAM DEFAULT CHARSET=utf8;

INSERT INTO `ads` (`id`, `date`, `title`, `price`, `seller_name`, `type`, `email`, `allow_mails`, `phone`, `location_id`, `category_id`, `description`) VALUES
(1,	'2014-12-23 12:39:28',	'Продаю суперкар',	2344,	'Сергей',	0,	'sbl18@yandex.ru',	1,	'89104301813',	641680,	181,	'Продаю суперский суперкар'),
(2,	'2014-12-23 12:40:57',	'Ищем пастбище',	566666,	'Рога и копыта',	1,	'alex@ya.ru',	0,	'8-499-123-45',	641630,	226,	'Купим огромный луг под пастбище'),
(3,	'2014-12-23 12:42:30',	'Ищу курьера',	50000,	'Ирина',	0,	'ira@mail.ru',	1,	'89104301810',	641510,	311,	'Нужен сверхшустрый курьер'),
(6,	'2014-12-23 15:50:59',	'Отдам котенка',	45,	'Ирина',	0,	'ira@mail.ru',	1,	'89104301813',	641710,	990,	'Отдам котенка в надежные руки'),
(5,	'2014-12-23 12:43:57',	'Выращиваю цветы',	450,	'Алекс',	0,	'alex@ya.ru',	1,	'8-499-123987',	641760,	606,	'Выращу любые цветы на заказ'),
(8,	'2014-12-24 13:03:16',	'Продаю диван',	3450,	'Сергей',	1,	'ira@mail.ru',	1,	'8-499-123-45',	641680,	620,	'Продаю новый кожаный диван'),
(10,	'2015-02-02 10:37:37',	'Продаю пылесос',	3500,	'Пупкин и сыновья',	1,	'123@mail.ru',	1,	'8-499-123-45',	641680,	621,	'Продается офигенный пылесос. Есть разные цвета.'),
(11,	'2015-02-02 10:39:23',	'Ищу объектив',	5000,	'Елена',	0,	'lena@ya.ru',	0,	'89101234567',	641680,	705,	'Нужен объектив 24-70 для Canon'),
(12,	'2015-02-02 10:41:55',	'Продаются котята',	25000,	'Вячеслав',	0,	'slava34@mail.ru',	1,	'8-499-123-45',	641630,	990,	'Продаются котята мейн-куна.'),
(13,	'2015-02-02 10:44:35',	'Возьмем склад в аренду',	1200,	'ООО \"Взлет\"',	1,	'info@ooovzlet.ru',	0,	'8-928-765-43',	641790,	242,	'Нужен в аренду теплый склад от 1000 кв. м.'),
(14,	'2015-02-02 10:46:43',	'Продается мед',	500,	'Ирина Алексеевна',	0,	'ira@mail.ru',	1,	'89101234567',	641510,	682,	'Продается свежий мед с лесной пасеки'),
(15,	'2015-02-02 10:47:56',	'Продаю катер',	150000,	'Андрей',	0,	'123@mail.ru',	1,	'156-12-48',	641510,	111,	'Продается катер для рыбалки.'),
(16,	'2015-02-02 10:50:12',	'Нужны картографисты',	60000,	'ЗАО \"Атлас\"',	1,	'atlas@ya.ru',	0,	'963-48-12',	641600,	311,	'Организация приглашает на работу картографистов. Оплата высокая.'),
(17,	'2015-02-02 10:54:08',	'Продаю видеокарту',	6700,	'Галина Петровна',	0,	'gala123@mail.ru',	1,	'8-975-654-85',	641710,	701,	'Продается игровая видеокарта.'),
(18,	'2015-02-02 10:57:28',	'Ремонт квартир',	20000,	'Фирма Заря',	1,	'zarya@ya.ru',	1,	'8-499-123-45',	641780,	619,	'Делаем ремонт квартир любой сложности.');

DROP TABLE IF EXISTS `categorys`;
CREATE TABLE `categorys` (
  `id` int(11) NOT NULL,
  `category` varchar(30) NOT NULL,
  `parent_id` int(11) DEFAULT NULL,
  PRIMARY KEY (`id`)
) ENGINE=MyISAM DEFAULT CHARSET=utf8;

INSERT INTO `categorys` (`id`, `category`, `parent_id`) VALUES
(109,	'Автомобили с пробегом',	100),
(199,	'Новые автомобили',	100),
(114,	'Мотоциклы и мототехника',	100),
(181,	'Грузовики и спецтехника',	100),
(111,	'Водный транспорт',	100),
(110,	'Запчасти и аксессуары',	100),
(224,	'Квартиры',	200),
(223,	'Комнаты',	200),
(225,	'Дома, дачи, коттеджи',	200),
(226,	'Земельные участки',	200),
(285,	'Гаражи и машиноместа',	200),
(242,	'Коммерческая недвижимость',	200),
(286,	'Недвижимость за рубежом',	200),
(311,	'Вакансии (поиск сотрудников)',	300),
(312,	'Резюме (поиск работы)',	300),
(414,	'Предложения услуг',	400),
(415,	'Запросы на услуги',	400),
(527,	'Одежда, обувь, аксессуары',	500),
(529,	'Детская одежда и обувь',	500),
(530,	'Товары для детей и игрушки',	500),
(528,	'Часы и украшения',	500),
(588,	'Красота и здоровье',	500),
(621,	'Бытовая техника',	600),
(620,	'Мебель и интерьер',	600),
(687,	'Посуда и товары для кухни',	600),
(682,	'Продукты питания',	600),
(619,	'Ремонт и строительство',	600),
(606,	'Растения',	600),
(732,	'Аудио и видео',	700),
(797,	'Игры, приставки и программы',	700),
(731,	'Настольные компьютеры',	700),
(798,	'Ноутбуки',	700),
(799,	'Оргтехника и расходники',	700),
(796,	'Планшеты и электронные книги',	700),
(784,	'Телефоны',	700),
(701,	'Товары для компьютера',	700),
(705,	'Фототехника',	700),
(833,	'Билеты и путешествия',	800),
(834,	'Велосипеды',	800),
(883,	'Книги и журналы',	800),
(836,	'Коллекционирование',	800),
(838,	'Музыкальные инструменты',	800),
(802,	'Охота и рыбалка',	800),
(839,	'Спорт и отдых',	800),
(803,	'Знакомства',	800),
(989,	'Собаки',	900),
(990,	'Кошки',	900),
(991,	'Птицы',	900),
(992,	'Аквариум',	900),
(993,	'Другие животные',	900),
(994,	'Товары для животных',	900),
(1016,	'Готовый бизнес',	1000),
(1040,	'Оборудование для бизнеса',	1000),
(100,	'Транспорт',	NULL),
(200,	'Недвижимость',	NULL),
(300,	'Работа',	NULL),
(400,	'Услуги',	NULL),
(500,	'Личные вещи',	NULL),
(600,	'Для дома и дачи',	NULL),
(700,	'Бытовая электроника',	NULL),
(800,	'Хобби и отдых',	NULL),
(900,	'Животные',	NULL),
(1000,	'Для бизнеса',	NULL);


DROP TABLE IF EXISTS `locations`;
CREATE TABLE `locations` (
  `id` int(11) NOT NULL,
  `location` varchar(20) NOT NULL,
  PRIMARY KEY (`id`)
) ENGINE=MyISAM DEFAULT CHARSET=utf8;

INSERT INTO `locations` (`id`, `location`) VALUES
(641780,	'Новосибирск'),
(641490,	'Барабинск'),
(641510,	'Бердск'),
(641600,	'Искитим'),
(641630,	'Колывань'),
(641680,	'Краснообск'),
(641710,	'Куйбышев'),
(641760,	'Мошково'),
(641790,	'Обь'),
(641800,	'Ордынское'),
(641970,	'Черепаново');

-- 2014-12-24 13:41:00
