-- Adminer 4.1.0 MySQL dump

SET NAMES utf8;
SET time_zone = '+00:00';
SET foreign_key_checks = 0;
SET sql_mode = 'NO_AUTO_VALUE_ON_ZERO';

USE `test`;

DROP TABLE IF EXISTS `ads`;
CREATE TABLE `ads` (
  `id` int(11) NOT NULL AUTO_INCREMENT,
  `date` varchar(20) NOT NULL,
  `title` varchar(30) NOT NULL,
  `price` int(11) NOT NULL,
  `seller_name` varchar(25) NOT NULL,
  `private` tinyint(1) NOT NULL,
  `email` varchar(20) NOT NULL,
  `allow_mails` tinyint(1) NOT NULL,
  `phone` varchar(12) NOT NULL,
  `location_id` int(11) NOT NULL,
  `category_id` int(11) NOT NULL,
  `description` varchar(255) NOT NULL,
  PRIMARY KEY (`id`)
) ENGINE=MyISAM DEFAULT CHARSET=utf8;

INSERT INTO `ads` (`id`, `date`, `title`, `price`, `seller_name`, `private`, `email`, `allow_mails`, `phone`, `location_id`, `category_id`, `description`) VALUES
(1,	'22.12.2014 09:35:40',	'Продам диван',	30000,	'Сергей',	1,	'123@ya.ru',	1,	'89104301810',	641710,	20,	'Продаю классный диван'),
(11,	'23.12.2014 09:19:50',	'Продаю гидроцикл',	56856,	'Алекс',	0,	'123@mail.ru',	1,	'89104301810',	641710,	11,	'рлдпро'),
(6,	'22.12.2014 09:37:45',	'Гараж куплю',	45,	'Ирина',	1,	'ira@mail.ru',	0,	'89104301813',	641710,	85,	'апрапорап'),
(9,	'23.12.2014 08:05:25',	'Куплю КАМАЗ',	500000,	'Александр',	0,	'alex@ya.ru',	1,	'8-499-123-45',	641680,	81,	'Хочу купить крутой КАМАЗ'),
(10,	'23.12.2014 09:13:33',	'Продаю гидроцикл',	679,	'Сергей',	0,	'123@mail.ru',	0,	'8-499-123-45',	641630,	10,	'прлопло'),
(12,	'23.12.2014 09:59:15',	'Куплю виллу',	300000,	'Елена',	0,	'123@mail.ru',	1,	'8-499-123-45',	641970,	86,	'Куплю шикарную виллу во Франции');

DROP TABLE IF EXISTS `categorys`;
CREATE TABLE `categorys` (
  `id` int(11) NOT NULL,
  `label` int(11) NOT NULL,
  `category` varchar(30) NOT NULL,
  PRIMARY KEY (`id`)
) ENGINE=MyISAM DEFAULT CHARSET=utf8;

INSERT INTO `categorys` (`id`, `label`, `category`) VALUES
(9,	0,	'Автомобили с пробегом'),
(109,	0,	'Новые автомобили'),
(14,	0,	'Мотоциклы и мототехника'),
(81,	0,	'Грузовики и спецтехника'),
(11,	0,	'Водный транспорт'),
(10,	0,	'Запчасти и аксессуары'),
(24,	1,	'Квартиры'),
(23,	1,	'Комнаты'),
(25,	1,	'Дома, дачи, коттеджи'),
(26,	1,	'Земельные участки'),
(85,	1,	'Гаражи и машиноместа'),
(42,	1,	'Коммерческая недвижимость'),
(86,	1,	'Недвижимость за рубежом'),
(111,	2,	'Вакансии (поиск сотрудников)'),
(112,	2,	'Резюме (поиск работы)'),
(114,	3,	'Предложения услуг'),
(115,	3,	'Запросы на услуги'),
(27,	4,	'Одежда, обувь, аксессуары'),
(29,	4,	'Детская одежда и обувь'),
(30,	4,	'Товары для детей и игрушки'),
(28,	4,	'Часы и украшения'),
(88,	4,	'Красота и здоровье'),
(21,	5,	'Бытовая техника'),
(20,	5,	'Мебель и интерьер'),
(87,	5,	'Посуда и товары для кухни'),
(82,	5,	'Продукты питания'),
(19,	5,	'Ремонт и строительство'),
(106,	5,	'Растения'),
(32,	6,	'Аудио и видео'),
(97,	6,	'Игры, приставки и программы'),
(31,	6,	'Настольные компьютеры'),
(98,	6,	'Ноутбуки'),
(99,	6,	'Оргтехника и расходники'),
(96,	6,	'Планшеты и электронные книги'),
(84,	6,	'Телефоны'),
(101,	6,	'Товары для компьютера'),
(105,	6,	'Фототехника'),
(33,	7,	'Билеты и путешествия'),
(34,	7,	'Велосипеды'),
(83,	7,	'Книги и журналы'),
(36,	7,	'Коллекционирование'),
(38,	7,	'Музыкальные инструменты'),
(102,	7,	'Охота и рыбалка'),
(39,	7,	'Спорт и отдых'),
(103,	7,	'Знакомства'),
(89,	8,	'Собаки'),
(90,	8,	'Кошки'),
(91,	8,	'Птицы'),
(92,	8,	'Аквариум'),
(93,	8,	'Другие животные'),
(94,	8,	'Товары для животных'),
(116,	9,	'Готовый бизнес'),
(40,	9,	'Оборудование для бизнеса');

DROP TABLE IF EXISTS `labels`;
CREATE TABLE `labels` (
  `id` int(11) NOT NULL,
  `label` varchar(25) NOT NULL,
  PRIMARY KEY (`id`)
) ENGINE=MyISAM DEFAULT CHARSET=utf8;

INSERT INTO `labels` (`id`, `label`) VALUES
(0,	'Транспорт'),
(1,	'Недвижимость'),
(2,	'Работа'),
(3,	'Услуги'),
(4,	'Личные вещи'),
(5,	'Для дома и дачи'),
(6,	'Бытовая электроника'),
(7,	'Хобби и отдых'),
(8,	'Животные'),
(9,	'Для бизнеса');

DROP TABLE IF EXISTS `locations`;
CREATE TABLE `locations` (
  `id` int(11) NOT NULL,
  `location` varchar(20) NOT NULL,
  PRIMARY KEY (`id`)
) ENGINE=MyISAM DEFAULT CHARSET=utf8;

INSERT INTO `locations` (`id`, `location`) VALUES
(641780,	'Новосибирск'),
(641490,	'Барабинск'),
(641510,	'Бердск'),
(641600,	'Искитим'),
(641630,	'Колывань'),
(641680,	'Краснообск'),
(641710,	'Куйбышев'),
(641760,	'Мошково'),
(641790,	'Обь'),
(641800,	'Ордынское'),
(641970,	'Черепаново');

-- 2014-12-23 10:30:26
